expiry,T,days,forward,forward_source,n_points
2026-10-16,0.021695115437817096,7.91871713480324,774.9826403590937,put_call_parity,74
2026-10-30,0.06005127982137874,21.91871713480324,776.3265485251696,put_call_parity,144
2026-11-06,0.07922936201315957,28.91871713480324,777.0305288627371,put_call_parity,115
2026-11-20,0.11758552639672121,42.91871713480324,778.2317808854564,put_call_parity,126
2026-12-18,0.19429785516384449,70.91871713480323,779.9305895029948,put_call_parity,161
2027-01-15,0.27101018393096776,98.91871713480323,781.4919065528992,put_call_parity,76
2027-01-29,0.3093663483145294,112.91871713480323,783.0371100745085,put_call_parity,162
2027-03-19,0.4436129236569952,161.91871713480325,786.8189009234277,put_call_parity,101
2027-06-17,0.6901882661227486,251.91871713480325,793.9992740046598,put_call_parity,130
2027-09-17,0.9422430606432965,343.9187171348032,801.8169728350757,put_call_parity,161
2027-09-30,0.977859498999461,356.9187171348033,802.3796377701166,put_call_parity,89
2028-01-21,1.2874485400953515,469.9187171348033,811.7233040266829,put_call_parity,184
