expiry,T,days,n_points,a,b,rho,m,sigma,rmse_total_var,rmse_iv,rmse_iv_bps,max_abs_err_iv_bps,r_squared,atm_total_var,atm_iv,wing_slope_left,wing_slope_right,min_total_variance,butterfly_ok,min_durrleman_g,penalised_refit,k_min,k_max,converged
2026-10-09,0.021721,7.93,78,-0.0010312151861098752,0.014567737865042145,-0.6442941654049557,-0.03422282165046389,0.11139517826466507,1.5508935172936937e-05,0.002991897676517021,29.91897676517021,147.31752173360397,0.9941700397381,0.00034520393657693415,0.12606734864249816,0.023953646374637642,0.005181829355446646,0.0002098476284583073,True,0.1184019794591093,False,-0.0680974206867533,0.039219222463622014,True
2026-10-23,0.060077,21.93,115,-0.003956075523256878,0.03730554382725842,-0.032808609882336505,0.039608547529248424,0.12528524592152945,3.1877659683890704e-05,0.0018068137898716843,18.068137898716845,71.69587400374323,0.9977346730089726,0.0009942478972595897,0.12864541472958707,0.03852948686113535,0.03608160079338149,0.0007152425631034541,True,0.012320354868607365,False,-0.11977616325695012,0.07955673936354105,True
2026-10-30,0.079255,28.93,180,-0.0064351587694090155,0.04658353345070832,-0.17870100203584377,0.024939311111953428,0.16291282896300974,4.845147956354744e-05,0.002063275661281596,20.63275661281596,93.13580297758777,0.9990879739120415,0.0014499127876410594,0.13525651887408816,0.054908057556720145,0.0382590093446965,0.0010317386599215592,True,0.028151341293104315,False,-0.1535505588568404,0.09658113717501621,True
2026-11-20,0.136789,49.93,132,-0.012756196369804731,0.07141874330394624,-0.10661007084770825,0.047792744181708306,0.20603288976696763,3.359199683371683e-05,0.0007243884834332702,7.243884834332701,34.699372354839994,0.9997925344825089,0.0027130042384999505,0.1408314352972845,0.07903270058743424,0.06380478602045823,0.001874553758988571,True,0.004754579040348726,False,-0.20730248151180658,0.1348677762240441,True
2026-12-18,0.213501,77.93,172,-0.01956029937246103,0.0945759678840253,-0.1044267324889792,0.0602412123380837,0.2398868888666652,3.3847051298474674e-05,0.0004419518751620611,4.419518751620611,22.916927474134763,0.9999300268075757,0.004426628590394124,0.1439912903019214,0.10445222718213669,0.0846997085859139,0.003003193099273275,True,9.768857654313123e-05,True,-0.2669069658897549,0.20943248180506646,False
2026-12-31,0.249118,90.93,228,-0.0193245933819683,0.09694627762412132,-0.10353326941850736,0.06749432916881969,0.23518891145816673,7.184838521490794e-05,0.0007863292962423647,7.863292962423647,21.579022929721358,0.9998558289656343,0.005073872875365933,0.14271427507629686,0.10698344270450089,0.08690911254374176,0.003353565013495763,True,9.999984667961176e-05,True,-0.28476850423965794,0.19808326748392674,True
2027-01-29,0.32857,119.93,162,-0.028282150687149996,0.11609586630958135,-0.12271708714565134,0.0756618121808221,0.2854247716261941,7.898026979219513e-05,0.0006838479560639335,6.838479560639335,18.520134435658917,0.9998650438744305,0.007076926932777276,0.14676026983969387,0.13034281285274413,0.10184891976641858,0.004604028614236602,True,9.999978460570325e-05,True,-0.3322606688057337,0.1839558035951333,True
2027-02-26,0.405282,147.93,134,-0.039147677108542486,0.13710494611377239,-0.06940145462628498,0.10517180392337731,0.3280078482824305,0.0001162706352755422,0.0008752251993680225,8.752251993680225,22.518476217577856,0.999745781441941,0.009079747528310457,0.1496780557240753,0.14662022881052658,0.12758966341701816,0.005715386523963008,True,9.999986553653473e-05,True,-0.3627762701049874,0.1590991898475883,False
2027-03-31,0.495693,180.93,119,-0.04704491551718121,0.14729939496650576,-0.11034671052496593,0.10673601131725428,0.3718094997535907,5.841329799592972e-05,0.00022749417918738698,2.2749417918738697,10.629035440777312,0.9999652560524394,0.011669307899436224,0.15343205313568925,0.16355339866337743,0.13104539126963413,0.0073879433372891,True,0.012918865025841803,False,-0.3468656563937197,0.1944009928735065,True
2027-06-30,0.745008,271.93,157,-0.05035210044110106,0.1700529451666579,-0.02065361207175045,0.1795491968403096,0.3654992318153642,0.00032523424446591294,0.001216193532723802,12.161935327238021,30.312011183726284,0.9994460016825463,0.019527364138877228,0.1618979257009643,0.1735651527277887,0.1665407376055271,0.0117888623556675,True,9.999515892536448e-05,True,-0.41253619792434043,0.23133993362882224,True
2027-09-17,0.961447,350.93,162,-0.09150908527316996,0.2031237591575283,-0.12926307094730366,0.1665333182634364,0.5373622588171318,0.0008247811921950793,0.002163952914318428,21.63952914318428,46.50196894146613,0.9993450302406586,0.027135993865082544,0.16800039038304754,0.22938016004859094,0.17686735826646569,0.01672621620067756,True,9.823366310644094e-05,True,-0.6710804151593791,0.5328923891665568,True
2028-01-21,1.306652,476.93,184,-0.12207207942400686,0.23639409573781,-0.09496301468886555,0.2199646657389149,0.6236864489701811,0.0014106202739323068,0.0026491057866043616,26.491057866043615,85.39000492245819,0.9989396993902786,0.039202469625644,0.17321150607803035,0.25884279172372077,0.21394539975189925,0.024697423061310647,True,9.491381147161415e-05,True,-0.8148987701512489,0.6127808071314961,True
